title;firstname;lastname;street_address;city;state;zipcode;country;email;telephone_number;company
Mr.;Jerry;Coleman;1215 Caldwell Road;Rochester;NY;14608;US;JerryAColeman@armyspy.com;585-255-1127;Life Plan Counselling
Mr.;Roy;Greenwell;2413 Capitol Avenue;Romney;IN;47981;US;RoyLGreenwell@superrito.com;765-538-2134;Big D Supermarkets
Mr.;Frank;Clarke;722 Harvest Lane;Sedalia;MO;65301;US;FrankJClarke@gustr.com;660-829-8161;Cherry & Webb
Mr.;Jason;Scott;1167 Marion Drive;Winter Haven;FL;33830;US;JasonFScott@superrito.com;813-363-5042;National Lumber
Mr.;Richard;Brock;988 Sunburst Drive;Fort Myers;FL;33901;US;RichardGBrock@superrito.com;239-336-0832;Rainbow Bay Crafts
Mr.;Ross;Kay;2849 Junkins Avenue;Albany;GA;31707;US;RossRKay@teleworm.us;229-407-9032;Jewel Mart
Dr.;Andre;Larson;643 Patterson Road;Queens;NY;11418;US;AndreJLarson@cuvox.de;718-846-4924;Rickel
Ms.;Wendy;Hill;180 Tenmile;Desert Center;CA;92239;US;WendyFHill@gustr.com;760-227-2128;Joshua Doore
Ms.;Bonnie;Ibrahim;4237 Warner Street;Casper;WY;82601;US;BonnieRIbrahim@dayrep.com;307-204-8559;Geri's Hamburgers
Mr.;Richard;Ratcliff;4979 Canis Heights Drive;Los Angeles;CA;90071;US;RichardDRatcliff@armyspy.com;213-698-8551;Erb Lumber
Mrs.;Catherine;Hinojosa;2932 Cook Hill Road;New Haven;CT;6511;US;CatherineJHinojosa@armyspy.com;203-477-3061;Bumper to Bumper Auto Parts
Ms.;Jennifer;Paxton;2922 Doctors Drive;Irvine;CA;92614;US;JenniferWPaxton@gustr.com;310-430-7875;A. L. Price
Mrs.;Kelly;Nguyen;3161 Palmer Road;Columbus;OH;43212;US;KellySNguyen@einrot.com;614-729-8389;PriceRite Warehouse Club
Ms.;Linda;Miller;2770 Barnes Avenue;Loveland;OH;45140;US;LindaSMiller@dayrep.com;513-677-2998;Foxmoor
Ms.;Christine;Ward;374 Harvest Lane;Omaha;MO;63565;US;ChristineKWard@einrot.com;660-933-1473;Twin Electronics
Mr.;Joshua;Rodgers;952 Ben Street;East Lansing;MI;48823;US;JoshuaBRodgers@cuvox.de;517-979-4252;H. J. Wilson & Company
Mr.;John;Robinson;4327 Grasselli Street;Merrimack;NH;3054;US;JohnNRobinson@gustr.com;603-517-2879;The Great Train Stores
Mr.;Donald;Schiller;4504 Washington Street;Berclair;TX;78107;US;DonaldESchiller@einrot.com;361-439-4633;Liberty Wealth Planner
Ms.;Lois;Miller;3886 Columbia Boulevard;Baltimore;MD;21202;US;LoisRMiller@cuvox.de;410-393-5310;Lazysize
Mrs.;Alena;Garza;4349 Twin Oaks Drive;Manistee;MI;49660;US;AlenaAGarza@teleworm.us;231-398-2817;Super Shops
Mrs.;Bessie;Howlett;465 Goldleaf Lane;Newark;NJ;7105;US;BessieBHowlett@gustr.com;201-629-6685;Kinney Shoes
Mrs.;Dolores;Massey;2559 Locust Street;Colquitt;GA;31717;US;DoloresAMassey@dayrep.com;229-758-6732;Klopfenstein's
Ms.;Liza;Pounders;4973 Middleville Road;Rosemead;CA;91770;US;LizaDPounders@cuvox.de;626-312-2467;Boston Sea Party
Mr.;Calvin;Lieber;2090 Twin House Lane;Springfield;MO;65804;US;CalvinHLieber@cuvox.de;417-440-8945;Chandler's
Mrs.;Nancy;Jones;2187 Kerry Way;Gardena;CA;90248;US;NancyDJones@teleworm.us;562-788-9642;Albers Super Markets
Mr.;Ernest;White;4286 Wexford Way;Columbia;SC;29201;US;ErnestMWhite@superrito.com;803-301-5591;Dreamscape Garden Care
Mr.;Henry;Vining;3818 Clover Drive;Colorado Springs;CO;80903;US;HenryCVining@dayrep.com;719-271-1914;Happy Bear Investment
Ms.;Lorine;Liddell;788 Oakridge Lane;Macon;GA;31206;US;LorineELiddell@superrito.com;478-256-7049;Pleasures and Pasttimes
Mr.;John;Wade;1313 Garfield Road;Bloomington;IL;61704;US;JohnTWade@teleworm.us;309-665-6910;Record & Tape Outlet
Ms.;Priscilla;Gray;4170 Spruce Drive;Pittsburgh;PA;15203;US;PriscillaJGray@teleworm.us;724-918-6140;King Carol
Mr.;Randy;Gamino;4123 Walnut Hill Drive;Cincinnati;OH;45214;US;RandyMGamino@armyspy.com;513-305-7103;Independent Wealth Management
Mr.;Robert;Herrmann;1787 Cottonwood Lane;Grand Rapids;MI;49546;US;RobertGHerrmann@teleworm.us;616-350-9990;Lazysize
Mr.;Thomas;Ybarra;2769 Dog Hill Lane;Topeka;KS;66607;US;ThomasMYbarra@gustr.com;785-713-2136;Titania
Ms.;Rita;Leslie;776 Hickory Street;Ogden;UT;84414;US;RitaJLeslie@teleworm.us;801-786-2298;Rolling Thunder
Ms.;April;Lynch;4106 Oak Way;Lincoln;NE;68501;US;AprilTLynch@armyspy.com;402-475-9091;Olympic Sports
Mr.;Nick;Guzman;520 Ingram Street;Kettering;OH;45429;US;NickKGuzman@superrito.com;937-510-8654;Maxaprofit
Mr.;Marty;Stubblefield;1390 Brown Street;San Ramon;CA;94583;US;MartyLStubblefield@gustr.com;925-904-5007;Wellby
Mr.;Kenneth;Germany;1810 Station Street;Austin;TX;78741;US;KennethHGermany@cuvox.de;512-225-1224;Price Club
Mr.;Alfredo;Rudd;2954 Carson Street;Lexington;KY;40507;US;AlfredoDRudd@cuvox.de;859-248-1098;Star Bright Investment Group
Mrs.;Alicia;Birkholz;2677 Stutler Lane;State College;PA;16803;US;AliciaCBirkholz@einrot.com;814-433-6100;Muscle Factory
Mr.;Allan;Dickens;3383 Mapleview Drive;Camden;TN;38320;US;AllanDDickens@einrot.com;731-279-9632;Gas Legion
Mr.;Edward;Hall;1293 Deer Ridge Drive;Newark;NJ;7102;US;EdwardLHall@superrito.com;973-549-8659;Megatronic Plus
Ms.;Ladonna;Furr;369 New Creek Road;Huntsville;AL;35816;US;LadonnaRFurr@dayrep.com;256-841-2403;DGS HomeSource
Mr.;Paul;Corbin;4949 Mill Street;Greenville;SC;29601;US;PaulTCorbin@teleworm.us;864-201-6834;Honest Air Group
Mr.;Robert;Rothstein;2995 Valley View Drive;Quincy;MA;2169;US;RobertMRothstein@einrot.com;617-689-5924;Cloth World
Mrs.;Christina;Thomas;388 Sycamore Lake Road;Horicon;WI;53032;US;ChristinaJThomas@gustr.com;920-485-9825;DGS VolMAX
Ms.;Amy;Giles;3571 Bell Street;New York;NY;10007;US;AmyAGiles@teleworm.us;212-236-8563;Big Bear Stores
Mrs.;Myrtle;Reed;4304 Glen Street;Louisville;KY;40299;US;MyrtleMReed@gustr.com;270-300-0013;David Weis
Mr.;Albert;Clark;4556 Yorkie Lane;Tybee Island;GA;31328;US;AlbertEClark@einrot.com;912-786-0311;Acuserv
Dr.;Sally;Sisco;1802 Point Street;Buffalo Grove;IL;60089;US;SallyMSisco@cuvox.de;773-908-5915;Body Toning
Ms.;Marilyn;Earnest;2511 Lighthouse Drive;Branson;MO;65616;US;MarilynREarnest@gustr.com;417-252-7522;Twin Electronics
Ms.;Debra;Allen;3217 Queens Lane;Lynchburg;VA;24504;US;DebraAAllen@dayrep.com;434-688-2469;H. J. Wilson & Company
Mr.;John;Barrows;4428 Radio Park Drive;Atlanta;GA;30328;US;JohnRBarrows@cuvox.de;706-763-0828;The Great Train Stores
Ms.;Patty;Fisher;3349 Emma Street;Lefors;TX;79054;US;PattyCFisher@dayrep.com;806-835-0738;Liberty Wealth Planner
Ms.;Patricia;Neal;4331 Lochmere Lane;Sharon;CT;6069;US;PatriciaBNeal@cuvox.de;860-364-5391;Lazysize
Ms.;Francine;Reasoner;3962 Patterson Fork Road;Chicago;IL;60606;US;FrancineHReasoner@armyspy.com;312-648-0202;Super Shops
Mr.;John;Eastin;2909 Losh Lane;Bellevue;PA;15202;US;JohnGEastin@cuvox.de;412-761-1509;Kinney Shoes
Mr.;Saul;Sanchez;3258 Nuzum Court;Buffalo;NY;14202;US;SaulTSanchez@dayrep.com;716-515-7513;Klopfenstein's
Mr.;Francis;Erickson;1154 Broadway Street;Myrtle Beach;SC;29577;US;FrancisAErickson@einrot.com;843-787-9170;Boston Sea Party
Mr.;Christopher;Thornton;1167 Zappia Drive;Lexington;KY;40509;US;ChristopherSThornton@superrito.com;859-317-5039;Chandler's
Mr.;Richard;Kelly;2889 Losh Lane;Pittsburgh;PA;15201;US;RichardLKelly@armyspy.com;412-725-0184;Albers Super Markets
Mrs.;May;Harman;2673 Isaacs Creek Road;Danville;IL;61832;US;MayMHarman@einrot.com;217-504-6112;Dreamscape Garden Care
Dr.;James;Boling;3026 B Street;New Brighton;MN;55112;US;JamesCBoling@einrot.com;651-638-2584;Happy Bear Investment
Ms.;Roberta;Orth;1877 Ford Street;San Francisco;CA;94108;US;RobertaMOrth@teleworm.us;408-505-5179;Pleasures and Pasttimes
Dr.;Arthur;Wilson;4033 Sand Fork Road;Plymouth;IN;46563;US;ArthurGWilson@armyspy.com;574-913-6065;Record & Tape Outlet
Mr.;Merlin;Rogers;4008 Gateway Avenue;Bakersfield;CA;93301;US;MerlinNRogers@gustr.com;661-851-3509;King Carol
Mr.;Zachary;Scherer;4004 Riverwood Drive;Macdoel;CA;96058;US;ZacharyAScherer@cuvox.de;530-398-1803;Independent Wealth Management
Ms.;Catherine;Ramos;661 Laurel Lane;Odessa;TX;79762;US;CatherineERamos@teleworm.us;432-366-5899;Lazysize
Mr.;William;Borden;312 Crosswind Drive;Louisville;KY;40202;US;WilliamWBorden@einrot.com;270-834-4683;Titania
Mr.;Jonathan;Rodriguez;2312 Rowes Lane;Louisville;KY;40202;US;JonathanERodriguez@teleworm.us;270-592-9786;Rolling Thunder
Mr.;John;Tilley;1157 Hiney Road;North Las Vegas;NV;89030;US;JohnMTilley@dayrep.com;702-289-6791;Olympic Sports
Ms.;Sophia;Rowland;848 Kimberly Way;Grand Rapids;MI;49505;US;SophiaDRowland@teleworm.us;616-831-9925;Maxaprofit
Mr.;Charlie;Leblanc;2051 Bingamon Branch Road;Warwick;NY;10990;US;CharlieSLeblanc@einrot.com;845-988-3563;Wellby
Mr.;Francis;Foster;4171 Martha Street;Prescott;AZ;86301;US;FrancisJFoster@teleworm.us;928-717-6567;Price Club
Mr.;Mike;Otterson;4428 Tail Ends Road;Green Bay;WI;54303;US;MikeDOtterson@dayrep.com;920-609-4773;Star Bright Investment Group
Mr.;Kenneth;Miller;358 Fowler Avenue;Norcross;GA;30071;US;KennethEMiller@teleworm.us;770-212-5150;Muscle Factory
